timestamp,cpu_percent,load_1m,memory_used_mb,swap_used_mb,battery_percent,battery_state,power_source
2026-10-03T04:09:20.026003+00:00,42.81,2.08154296875,23574.796875,1735.62,80,AC attached,AC Power
2026-10-03T04:09:25.322326+00:00,34.459999999999994,2.228515625,23627.984375,1735.62,80,AC attached,AC Power
2026-10-03T04:09:30.612539+00:00,12.599999999999994,2.2099609375,23771.109375,1727.62,80,AC attached,AC Power
2026-10-03T04:09:35.922832+00:00,17.650000000000006,2.19287109375,23767.90625,1727.62,80,AC attached,AC Power
2026-10-03T04:09:41.233364+00:00,16.61,2.01708984375,23773.3125,1727.62,80,AC attached,AC Power
2026-10-03T04:09:46.543209+00:00,15.540000000000006,5.05859375,23746.828125,1711.62,80,AC attached,AC Power
2026-10-03T04:09:51.863472+00:00,15.299999999999997,4.6533203125,23752.75,1711.62,80,AC attached,AC Power
2026-10-03T04:09:57.176831+00:00,15.019999999999996,4.2802734375,23838.453125,1711.62,80,AC attached,AC Power
2026-10-03T04:10:02.499607+00:00,15.290000000000006,3.9375,23827.53125,1711.62,80,AC attached,AC Power
2026-10-03T04:10:07.851818+00:00,15.36,3.6220703125,23780.53125,1711.62,80,AC attached,AC Power
2026-10-03T04:10:13.182241+00:00,14.870000000000005,3.33154296875,23820.546875,1711.62,80,AC attached,AC Power
2026-10-03T04:10:18.535478+00:00,18.040000000000006,3.14453125,23849.984375,1711.62,80,AC attached,AC Power
2026-10-03T04:10:23.892143+00:00,16.569999999999993,2.892578125,23798.953125,1711.62,80,AC attached,AC Power
2026-10-03T04:10:29.262182+00:00,27.769999999999996,2.66064453125,23847.625,1711.62,80,AC attached,AC Power
2026-10-03T04:10:34.702193+00:00,18.349999999999994,2.447265625,23825.53125,1711.62,80,AC attached,AC Power
2026-10-03T04:10:40.091258+00:00,15.61,2.2509765625,23809.890625,1711.62,80,AC attached,AC Power
2026-10-03T04:10:45.462384+00:00,20.810000000000002,2.310546875,23833.09375,1711.62,80,AC attached,AC Power
2026-10-03T04:10:50.784102+00:00,11.670000000000002,2.3427734375,23667.28125,1711.62,80,AC attached,AC Power
2026-10-03T04:10:56.118495+00:00,16.290000000000006,2.31494140625,23611.828125,1711.62,80,AC attached,AC Power
2026-10-03T04:11:01.481572+00:00,15.579999999999998,2.28955078125,23574.671875,1711.62,80,AC attached,AC Power
2026-10-03T04:11:06.825975+00:00,15.219999999999999,2.10595703125,23635.65625,1711.62,80,AC attached,AC Power
2026-10-03T04:11:12.153163+00:00,14.599999999999994,2.09716796875,23623.5625,1711.62,80,AC attached,AC Power
2026-10-03T04:11:17.472328+00:00,13.239999999999995,1.92919921875,23579.9375,1711.62,80,AC attached,AC Power
2026-10-03T04:11:22.794159+00:00,14.670000000000002,2.1748046875,23680.21875,1711.62,80,AC attached,AC Power
2026-10-03T04:11:28.108185+00:00,14.450000000000003,2.16064453125,23700.40625,1711.62,80,AC attached,AC Power
2026-10-03T04:11:33.432427+00:00,13.239999999999995,1.9873046875,23660.34375,1711.62,80,AC attached,AC Power
2026-10-03T04:11:38.756816+00:00,14.700000000000003,1.828125,23719.1875,1711.62,80,AC attached,AC Power
2026-10-03T04:11:44.084231+00:00,13.819999999999993,2.162109375,23691.671875,1711.62,80,AC attached,AC Power
2026-10-03T04:11:49.408308+00:00,13.049999999999997,2.22900390625,23664.421875,1711.62,80,AC attached,AC Power
2026-10-03T04:11:54.735856+00:00,14.730000000000004,2.21044921875,23736.34375,1711.62,80,AC attached,AC Power
2026-10-03T04:12:00.041247+00:00,13.629999999999995,2.193359375,23740.09375,1711.62,80,AC attached,AC Power
2026-10-03T04:12:05.371242+00:00,13.579999999999998,2.017578125,23728.515625,1711.62,80,AC attached,AC Power
2026-10-03T04:12:10.694983+00:00,13.269999999999996,1.85595703125,23709.203125,1711.62,80,AC attached,AC Power
2026-10-03T04:12:16.021855+00:00,27.25,1.79736328125,23748.28125,1711.62,80,AC attached,AC Power
2026-10-03T04:12:21.393412+00:00,13.239999999999995,1.8134765625,23722.578125,1711.62,80,AC attached,AC Power
2026-10-03T04:12:26.712911+00:00,13.870000000000005,1.66796875,23755.984375,1711.62,80,AC attached,AC Power
2026-10-03T04:12:32.036678+00:00,14.549999999999997,1.8544921875,23741.515625,1711.62,80,AC attached,AC Power
2026-10-03T04:12:37.358804+00:00,13.719999999999999,1.78564453125,23709.640625,1711.62,80,AC attached,AC Power
2026-10-03T04:12:42.684060+00:00,11.420000000000002,1.962890625,23856.328125,1711.62,80,AC attached,AC Power
2026-10-03T04:12:47.995000+00:00,13.260000000000005,1.8056640625,23831.015625,1711.62,80,AC attached,AC Power
2026-10-03T04:12:53.303601+00:00,11.590000000000003,1.66064453125,23784.5625,1711.62,80,AC attached,AC Power
2026-10-03T04:12:58.608976+00:00,13.290000000000006,1.52734375,23824.640625,1711.62,80,AC attached,AC Power
2026-10-03T04:13:03.929697+00:00,14.900000000000006,1.48486328125,23802.734375,1711.62,80,AC attached,AC Power
2026-10-03T04:13:09.266642+00:00,13.900000000000006,1.44580078125,23843.71875,1711.62,80,AC attached,AC Power
2026-10-03T04:13:14.602173+00:00,14.86,1.40966796875,23841.140625,1711.62,80,AC attached,AC Power
2026-10-03T04:13:19.929126+00:00,17.540000000000006,1.45654296875,23847.296875,1711.62,80,AC attached,AC Power
2026-10-03T04:13:25.290584+00:00,13.560000000000002,1.419921875,23760.453125,1711.62,80,AC attached,AC Power
2026-10-03T04:13:30.611817+00:00,13.459999999999994,1.46630859375,23797.328125,1711.62,80,AC attached,AC Power
2026-10-03T04:13:35.985356+00:00,14.14,1.3876953125,23818.5625,1711.62,80,AC attached,AC Power
2026-10-03T04:13:41.310392+00:00,13.629999999999995,1.2763671875,23786.796875,1711.62,80,AC attached,AC Power
2026-10-03T04:13:46.641770+00:00,15.310000000000002,1.173828125,23844.984375,1711.62,80,AC attached,AC Power
2026-10-03T04:13:51.972952+00:00,13.290000000000006,1.07958984375,23826.6875,1711.62,80,AC attached,AC Power
2026-10-03T04:13:57.294005+00:00,13.310000000000002,1.07275390625,23856.40625,1711.62,80,AC attached,AC Power
2026-10-03T04:14:02.612651+00:00,14.099999999999994,0.98681640625,23863.609375,1711.62,80,AC attached,AC Power
2026-10-03T04:14:07.933833+00:00,14.189999999999998,1.06787109375,23837.546875,1711.62,80,AC attached,AC Power
2026-10-03T04:14:13.258092+00:00,12.870000000000005,0.98193359375,23805.3125,1711.62,80,AC attached,AC Power
2026-10-03T04:14:18.587423+00:00,23.189999999999998,0.98291015625,23850.75,1711.62,80,AC attached,AC Power
2026-10-03T04:14:23.928440+00:00,23.810000000000002,0.90380859375,23853.1875,1711.62,80,AC attached,AC Power
2026-10-03T04:14:29.300990+00:00,14.86,0.8310546875,23844.6875,1711.62,80,AC attached,AC Power
2026-10-03T04:14:34.625256+00:00,18.5,0.76416015625,23847.3125,1711.62,80,AC attached,AC Power
2026-10-03T04:14:39.961069+00:00,16.08,0.86279296875,23854.109375,1711.62,80,AC attached,AC Power
2026-10-03T04:14:45.288769+00:00,16.08,0.79345703125,23844.9375,1711.62,80,AC attached,AC Power
2026-10-03T04:14:50.623338+00:00,16.189999999999998,1.1298828125,23795.390625,1711.62,80,AC attached,AC Power
2026-10-03T04:14:55.945182+00:00,12.86,1.119140625,23851.375,1711.62,80,AC attached,AC Power
2026-10-03T04:15:01.252045+00:00,12.870000000000005,1.1806640625,23830.71875,1711.62,80,AC attached,AC Power
2026-10-03T04:15:06.579960+00:00,14.14,1.24609375,23810.671875,1711.62,80,AC attached,AC Power
2026-10-03T04:15:11.907632+00:00,14.290000000000006,1.22607421875,23844.90625,1711.62,80,AC attached,AC Power
2026-10-03T04:15:17.224992+00:00,12.829999999999998,1.28759765625,23840.625,1711.62,80,AC attached,AC Power
2026-10-03T04:15:22.547890+00:00,14.39,1.26416015625,23830.515625,1711.62,80,AC attached,AC Power
2026-10-03T04:15:27.883952+00:00,13.629999999999995,1.16259765625,23851.890625,1711.62,80,AC attached,AC Power
2026-10-03T04:15:33.211919+00:00,17.379999999999995,1.0693359375,23860.109375,1711.62,80,AC attached,AC Power
2026-10-03T04:15:38.549231+00:00,14.5,1.3837890625,23838.703125,1711.62,80,AC attached,AC Power
2026-10-03T04:15:43.870965+00:00,12.730000000000004,1.27294921875,23806.859375,1711.62,80,AC attached,AC Power
2026-10-03T04:15:49.197535+00:00,12.700000000000003,1.2509765625,23753.75,1711.62,80,AC attached,AC Power
2026-10-03T04:15:54.571261+00:00,13.25,1.150390625,23625.953125,1711.62,80,AC attached,AC Power
2026-10-03T04:15:59.926257+00:00,18.269999999999996,1.05810546875,23760.0,1711.62,80,AC attached,AC Power
2026-10-03T04:16:05.302043+00:00,12.709999999999994,1.13330078125,23739.46875,1711.62,80,AC attached,AC Power
2026-10-03T04:16:10.660701+00:00,16.36,1.12255859375,23712.703125,1711.62,80,AC attached,AC Power
2026-10-03T04:16:16.031480+00:00,15.879999999999995,1.0322265625,23764.453125,1711.62,80,AC attached,AC Power
2026-10-03T04:16:21.396829+00:00,16.67,1.4296875,23842.46875,1711.62,80,AC attached,AC Power
2026-10-03T04:16:26.723651+00:00,12.420000000000002,1.80517578125,23719.34375,1711.62,80,AC attached,AC Power
2026-10-03T04:16:32.067854+00:00,50.5,1.66015625,23855.625,1711.62,80,AC attached,AC Power
2026-10-03T04:16:37.854672+00:00,17.53,1.52685546875,23762.90625,1711.62,80,AC attached,AC Power
2026-10-03T04:16:43.260173+00:00,14.39,1.64453125,23770.890625,1711.62,80,AC attached,AC Power
2026-10-03T04:16:48.589536+00:00,13.560000000000002,1.5927734375,23774.9375,1711.62,80,AC attached,AC Power
2026-10-03T04:16:53.913150+00:00,14.489999999999995,1.544921875,23762.25,1711.62,80,AC attached,AC Power
2026-10-03T04:16:59.244334+00:00,15.11,1.4208984375,23753.5,1711.62,80,AC attached,AC Power
2026-10-03T04:17:04.574104+00:00,14.769999999999996,1.546875,23824.0625,1711.62,80,AC attached,AC Power
2026-10-03T04:17:09.903720+00:00,13.829999999999998,1.5830078125,23802.75,1711.62,80,AC attached,AC Power
2026-10-03T04:17:15.239405+00:00,14.89,1.5361328125,23772.90625,1711.62,80,AC attached,AC Power
2026-10-03T04:17:20.549052+00:00,13.849999999999994,1.5732421875,23823.90625,1711.62,80,AC attached,AC Power
2026-10-03T04:17:25.864025+00:00,12.36,1.68701171875,23805.9375,1711.62,80,AC attached,AC Power
2026-10-03T04:17:31.170241+00:00,12.159999999999997,1.5517578125,23835.09375,1711.62,80,AC attached,AC Power
2026-10-03T04:17:36.479978+00:00,14.400000000000006,1.58740234375,23851.65625,1711.62,80,AC attached,AC Power
2026-10-03T04:17:41.779359+00:00,20.760000000000005,1.650390625,23824.28125,1703.62,80,AC attached,AC Power
2026-10-03T04:17:47.093546+00:00,14.709999999999994,1.51806640625,23857.53125,1703.62,80,AC attached,AC Power
2026-10-03T04:17:52.416910+00:00,15.269999999999996,1.63671875,23850.953125,1703.62,80,AC attached,AC Power
2026-10-03T04:17:57.730984+00:00,14.400000000000006,1.50537109375,23839.046875,1695.62,80,AC attached,AC Power
2026-10-03T04:18:03.049045+00:00,15.900000000000006,1.384765625,23828.734375,1695.62,80,AC attached,AC Power
2026-10-03T04:18:08.362590+00:00,15.700000000000003,1.43359375,23822.859375,1695.62,80,AC attached,AC Power
2026-10-03T04:18:13.685427+00:00,14.079999999999998,1.87890625,23797.828125,1695.62,80,AC attached,AC Power
2026-10-03T04:18:19.012784+00:00,13.810000000000002,1.72802734375,23779.625,1695.62,80,AC attached,AC Power
2026-10-03T04:18:24.329771+00:00,15.5,1.58935546875,23815.515625,1695.62,80,AC attached,AC Power
2026-10-03T04:18:29.650757+00:00,12.689999999999998,1.4619140625,23796.109375,1695.62,80,AC attached,AC Power
2026-10-03T04:18:34.966286+00:00,14.079999999999998,1.3447265625,23786.015625,1695.62,80,AC attached,AC Power
2026-10-03T04:18:40.285859+00:00,15.89,1.39697265625,23818.09375,1687.62,80,AC attached,AC Power
2026-10-03T04:18:45.607943+00:00,14.180000000000007,1.36474609375,23826.15625,1687.62,80,AC attached,AC Power
2026-10-03T04:18:50.922031+00:00,13.799999999999997,1.41552734375,23793.265625,1687.62,80,AC attached,AC Power
2026-10-03T04:18:56.240661+00:00,15.25,1.5419921875,23827.890625,1687.62,80,AC attached,AC Power
2026-10-03T04:19:01.562886+00:00,19.189999999999998,1.49853515625,23807.0,1679.62,80,AC attached,AC Power
2026-10-03T04:19:06.888780+00:00,16.61,1.37841796875,23827.609375,1679.62,80,AC attached,AC Power
2026-10-03T04:19:12.207457+00:00,14.86,1.38671875,23830.921875,1679.62,80,AC attached,AC Power
2026-10-03T04:19:17.500634+00:00,11.030000000000001,1.515625,23833.4375,1679.62,80,AC attached,AC Power
2026-10-03T04:19:22.795648+00:00,13.64,1.55419921875,23854.375,1679.62,80,AC attached,AC Power
2026-10-03T04:19:28.092491+00:00,14.120000000000005,1.4296875,23846.4375,1679.62,80,AC attached,AC Power
2026-10-03T04:19:33.398466+00:00,14.239999999999995,1.63525390625,23859.359375,1679.62,80,AC attached,AC Power
2026-10-03T04:19:38.739063+00:00,13.439999999999998,1.583984375,23830.578125,1679.62,80,AC attached,AC Power
2026-10-03T04:19:44.057228+00:00,15.620000000000005,2.177734375,23865.03125,1679.62,80,AC attached,AC Power
2026-10-03T04:19:49.374067+00:00,14.349999999999994,2.2431640625,23834.640625,1679.62,80,AC attached,AC Power
2026-10-03T04:19:54.681467+00:00,14.769999999999996,2.2236328125,23830.625,1679.62,80,AC attached,AC Power
2026-10-03T04:20:00.002842+00:00,17.040000000000006,2.04541015625,23859.5625,1679.62,80,AC attached,AC Power
2026-10-03T04:20:05.346439+00:00,14.510000000000005,1.96142578125,23848.578125,1679.62,80,AC attached,AC Power
2026-10-03T04:20:10.651623+00:00,13.810000000000002,1.80419921875,23812.328125,1679.62,80,AC attached,AC Power
2026-10-03T04:20:15.970183+00:00,13.569999999999993,1.65966796875,23843.203125,1679.62,80,AC attached,AC Power
2026-10-03T04:20:21.288627+00:00,12.86,1.6064453125,23847.75,1679.62,80,AC attached,AC Power
2026-10-03T04:20:26.582287+00:00,14.700000000000003,1.6376953125,23854.65625,1679.62,80,AC attached,AC Power
2026-10-03T04:20:31.888111+00:00,14.680000000000007,1.50634765625,23858.5,1679.62,80,AC attached,AC Power
2026-10-03T04:20:37.200559+00:00,13.5,1.54541015625,23847.765625,1679.62,80,AC attached,AC Power
2026-10-03T04:20:42.501475+00:00,12.400000000000006,1.4609375,23818.140625,1679.62,80,AC attached,AC Power
2026-10-03T04:20:47.798211+00:00,14.459999999999994,1.583984375,23806.265625,1679.62,80,AC attached,AC Power
2026-10-03T04:20:53.101328+00:00,12.299999999999997,1.45703125,23835.34375,1679.62,80,AC attached,AC Power
2026-10-03T04:20:58.396719+00:00,12.700000000000003,1.34033203125,23802.75,1679.62,80,AC attached,AC Power
2026-10-03T04:21:03.701801+00:00,15.599999999999994,1.39306640625,23807.578125,1679.62,80,AC attached,AC Power
2026-10-03T04:21:09.010078+00:00,14.700000000000003,1.28125,23842.625,1679.62,80,AC attached,AC Power
2026-10-03T04:21:14.306236+00:00,13.5,1.25830078125,23796.328125,1679.62,80,AC attached,AC Power
2026-10-03T04:21:19.607632+00:00,13.469999999999999,1.1572265625,23848.90625,1679.62,80,AC attached,AC Power
2026-10-03T04:21:24.903385+00:00,14.459999999999994,1.064453125,23808.59375,1679.62,80,AC attached,AC Power
2026-10-03T04:21:30.206285+00:00,16.409999999999997,0.97900390625,23810.765625,1679.62,80,AC attached,AC Power
2026-10-03T04:21:35.521165+00:00,12.670000000000002,1.060546875,23843.015625,1679.62,80,AC attached,AC Power
2026-10-03T04:21:40.797386+00:00,21.760000000000005,1.0556640625,23782.546875,1679.62,80,AC attached,AC Power
2026-10-03T04:21:46.079653+00:00,32.849999999999994,1.291015625,23829.5,1876.0,80,AC attached,AC Power
2026-10-03T04:21:51.410520+00:00,13.469999999999999,1.1875,23737.3125,2337.38,80,AC attached,AC Power
2026-10-03T04:21:56.696080+00:00,11.700000000000003,1.33251953125,23728.578125,2445.0,80,AC attached,AC Power
2026-10-03T04:22:01.983144+00:00,15.069999999999993,1.2255859375,23692.5625,2445.0,80,AC attached,AC Power
2026-10-03T04:22:07.327385+00:00,15.420000000000002,1.60791015625,23697.9375,2445.0,80,AC attached,AC Power
2026-10-03T04:22:12.635887+00:00,14.069999999999993,1.43408203125,23703.0,2445.0,80,AC attached,AC Power
2026-10-03T04:22:17.945240+00:00,14.400000000000006,1.31884765625,23741.328125,2445.0,80,AC attached,AC Power
2026-10-03T04:22:23.255975+00:00,15.14,1.212890625,23695.328125,2445.0,80,AC attached,AC Power
2026-10-03T04:22:28.563367+00:00,13.5,1.11572265625,23673.25,2445.0,80,AC attached,AC Power
2026-10-03T04:22:33.864465+00:00,13.799999999999997,1.1865234375,23684.28125,2445.0,80,AC attached,AC Power
2026-10-03T04:22:39.179833+00:00,14.129999999999995,1.17138671875,23737.34375,2445.0,80,AC attached,AC Power
2026-10-03T04:22:44.496968+00:00,13.590000000000003,1.2373046875,23659.375,2445.0,80,AC attached,AC Power
2026-10-03T04:22:49.811436+00:00,13.409999999999997,1.61865234375,23631.578125,2445.0,80,AC attached,AC Power
2026-10-03T04:22:55.124861+00:00,13.780000000000001,1.56884765625,23630.59375,2445.0,80,AC attached,AC Power
2026-10-03T04:23:00.429714+00:00,14.459999999999994,1.52294921875,23642.46875,2445.0,80,AC attached,AC Power
2026-10-03T04:23:05.733475+00:00,14.129999999999995,1.48095703125,23658.890625,2445.0,80,AC attached,AC Power
2026-10-03T04:23:11.045170+00:00,17.11,1.8427734375,23767.84375,2445.0,80,AC attached,AC Power
2026-10-03T04:23:16.367897+00:00,16.040000000000006,1.69482421875,23690.34375,2445.0,80,AC attached,AC Power
2026-10-03T04:23:21.686617+00:00,18.200000000000003,1.55908203125,23704.09375,2437.0,80,AC attached,AC Power
2026-10-03T04:23:27.028292+00:00,15.060000000000002,1.83447265625,23826.046875,2658.81,80,AC attached,AC Power
